<?xml version="1.0" encoding="UTF-8"?>
<!DOCTYPE bindings PUBLIC "-//NetBeans//DTD Editor KeyBindings settings 1.1//EN" "http://www.netbeans.org/dtds/EditorKeyBindings-1_1.dtd">
<bindings>
    <bind actionName="complete-line" key="D-SEMICOLON"/>
    <bind actionName="complete-line-newline" key="SD-SEMICOLON"/>
    <bind actionName="fast-import" key="SO-I"/>
    <bind actionName="fix-uses" key="SD-I"/>
    <bind actionName="in-place-refactoring" key="D-R"/>
    <bind actionName="next-marked-occurrence" key="O-DOWN"/>
    <bind actionName="prev-marked-occurrence" key="O-UP"/>
    <bind actionName="select-element-next" key="SO-PERIOD"/>
    <bind actionName="select-element-previous" key="SO-COMMA"/>
    <bind actionName="toggle-comment" key="SD-C"/>
    <bind actionName="toggle-comment" key="D-SLASH"/>
</bindings>
